ID,Description,setSize,enrichmentScore,NES,pvalue,p.adjust,qvalue,rank,leading_edge,core_enrichment,Count,GeneRatio,Sign
ssc05168,Herpes simplex virus 1 infection,143,0.77928913,2.774539583,2.13E-24,7.32E-22,5.13E-22,1105,"tags=46%, list=8%, signal=43%",396991/397570/733649/397422/595128/100037289/396723/397122/396655/100302088/733650/100157996/100622590/399500/396826/493186/100101927/100135040/397588/100037288/100153387/780415/100135049/396660/100037921/110255236/100048946/100155428/396726/100135050/396923/396650/396613/100157336/445528/100153386/397072/100520908/100533555/100517129/406188/397543/100519468/100519508/397244/100156204/100170131/100217389/100156979/100513840/100516408/396646/100627508/397020/595105/100415778/100381266/100524813/100623776/100155091/100135036/396623/100037937/751869/100101471/397201,66,0.461538462,Activated
ssc05164,Influenza A,127,0.781832284,2.74443041,1.16E-21,1.99E-19,1.40E-19,1493,"tags=50%, list=11%, signal=45%",494019/396991/396752/397128/397570/397422/396880/595128/100037289/396723/397122/396655/100157996/399500/396826/493186/397094/100101927/406191/100135040/397588/100153387/780415/100135049/100037921/100048946/396726/100135050/396923/396613/100523784/100157336/445528/100153386/397319/100621111/100533555/100624226/406188/100622285/397543/100519508/397244/100170131/100156979/396646/397020/396750/595105/100623776/399541/397218/100037937/751869/100101471/397201/100154166/100523089/100155472/100158185/100152238/100127166/100126864/100514419,64,0.503937008,Activated
ssc04668,TNF signaling pathway,104,0.785200861,2.686583165,1.96E-18,2.25E-16,1.57E-16,1094,"tags=44%, list=8%, signal=41%",494019/397508/396900/396611/414904/397422/397122/100622590/399500/396826/493186/100621027/100517601/100738193/100622217/100622156/100523358/396925/100154896/100144486/100156777/397683/396613/100125838/100513084/654325/397208/399503/397590/406188/100736836/397244/106508765/100156979/100513840/397360/414381/397343/397020/396750/595105/100153263/100516663/100037306/751869/100101471,46,0.442307692,Activated
,,,,,,,,,,,,,
,,,,,,,,,,,,,
,,,,,,,,,,,,,
,,,,,,,,,,,,,
,,,,,,,,,,,,,
,,,,,,,,,,,,,
,,,,,,,,,,,,,
,,,,,,,,,,,,,
,,,,,,,,,,,,,
,,,,,,,,,,,,,
,,,,,,,,,,,,,
,,,,,,,,,,,,,
,,,,,,,,,,,,,
,,,,,,,,,,,,,
,,,,,,,,,,,,,
,,,,,,,,,,,,,
,,,,,,,,,,,,,
,,,,,,,,,,,,,
,,,,,,,,,,,,,
,,,,,,,,,,,,,
,,,,,,,,,,,,,
,,,,,,,,,,,,,
,,,,,,,,,,,,,
,,,,,,,,,,,,,
,,,,,,,,,,,,,
,,,,,,,,,,,,,
,,,,,,,,,,,,,
,,,,,,,,,,,,,
,,,,,,,,,,,,,
,,,,,,,,,,,,,
,,,,,,,,,,,,,
,,,,,,,,,,,,,
,,,,,,,,,,,,,
,,,,,,,,,,,,,
,,,,,,,,,,,,,
,,,,,,,,,,,,,
,,,,,,,,,,,,,
,,,,,,,,,,,,,
,,,,,,,,,,,,,
,,,,,,,,,,,,,
,,,,,,,,,,,,,
,,,,,,,,,,,,,
,,,,,,,,,,,,,
,,,,,,,,,,,,,
,,,,,,,,,,,,,
,,,,,,,,,,,,,
,,,,,,,,,,,,,
,,,,,,,,,,,,,
,,,,,,,,,,,,,
,,,,,,,,,,,,,
,,,,,,,,,,,,,
,,,,,,,,,,,,,
,,,,,,,,,,,,,
,,,,,,,,,,,,,
,,,,,,,,,,,,,
,,,,,,,,,,,,,
,,,,,,,,,,,,,
,,,,,,,,,,,,,
,,,,,,,,,,,,,
,,,,,,,,,,,,,
,,,,,,,,,,,,,
,,,,,,,,,,,,,
,,,,,,,,,,,,,
,,,,,,,,,,,,,
,,,,,,,,,,,,,
,,,,,,,,,,,,,
,,,,,,,,,,,,,
,,,,,,,,,,,,,
,,,,,,,,,,,,,
,,,,,,,,,,,,,
,,,,,,,,,,,,,
,,,,,,,,,,,,,
,,,,,,,,,,,,,
,,,,,,,,,,,,,
,,,,,,,,,,,,,
,,,,,,,,,,,,,
,,,,,,,,,,,,,
,,,,,,,,,,,,,
,,,,,,,,,,,,,
,,,,,,,,,,,,,
,,,,,,,,,,,,,
,,,,,,,,,,,,,
,,,,,,,,,,,,,
,,,,,,,,,,,,,
,,,,,,,,,,,,,
,,,,,,,,,,,,,
,,,,,,,,,,,,,
,,,,,,,,,,,,,
,,,,,,,,,,,,,
,,,,,,,,,,,,,
,,,,,,,,,,,,,
,,,,,,,,,,,,,
,,,,,,,,,,,,,
,,,,,,,,,,,,,
,,,,,,,,,,,,,
,,,,,,,,,,,,,
,,,,,,,,,,,,,
,,,,,,,,,,,,,
